chemblID,smiles,ALogP,LogD
CHEMBL3990570,CN(C)CCOc1ccc(/C(=C(/CCCO)c2ccccc2)c2ccc(C(F)(F)F)cc2)cc1,6.38,4.86
CHEMBL3991163,COc1ccc(/C(=C(\CCCO)c2ccccc2)c2ccc(OCCN(C)C)cc2)cc1,5.37,3.82
CHEMBL1229023,CC/C(=C(\c1ccccc1)c1ccc(OCC[N+](C)(C)C)cc1)c1ccccc1,6.14,2.19
CHEMBL292185,CCN(CC)CCOc1ccc(/C(=C(/Cl)c2ccc(O)c(OC)c2)c2ccccc2)cc1,6.28,4.13
CHEMBL3990472,CN(C)CCOc1ccc(/C(=C(/CCCO)c2ccccc2)c2ccc(Br)cc2)cc1,6.12,4.75
CHEMBL3990473,Cc1ccc(/C(=C(\CCCO)c2ccccc2)c2ccc(OCCN(C)C)cc2)cc1,5.67,4.49
CHEMBL3990700,CN(C)CCOc1ccc(C(=C(C#N)c2ccccc2)c2ccccc2)cc1,5.11,3.95
CHEMBL1229028,CCC[N+](C)(C)CCOc1ccc(/C(=C(/CC)c2ccccc2)c2ccccc2)cc1,6.92,3.07
CHEMBL170602,COc1ccc(C(=C(c2ccccc2)c2ccccc2)C(F)(F)F)cc1,6.22,6.25
CHEMBL3990520,CN(C)CCOc1ccc(/C(=C(/CCCO)c2ccccc2)c2ccccc2)cc1,5.36,3.98
CHEMBL2107548,CCc1ccc(/C(=C(\Br)c2ccccc2)c2ccccc2)cc1,6.56,7.02
CHEMBL3824284,CC/C(=C(/c1ccc(NC(=O)C(C)C)cc1)c1ccc(OC)cc1)c1ccc(O)cc1,6.36,6.51
CHEMBL3990897,CN(C)CCOc1ccc(/C(=C(/CCCO)c2ccccc2)c2ccc(F)cc2F)cc1,5.64,4.27
CHEMBL38266,CCCC(=C(c1ccc(O)cc1)c1ccc(O)cc1)c1ccc(O)cc1,5.56,5.98
CHEMBL1241754,COc1ccc(/C=C(/c2ccc(C)cc2)c2cc(OC)c(OC)c(OC)c2)cc1O,5.32,5.32
CHEMBL1949791,CCC(=C(c1ccc(O)cc1)c1ccc(OCCNC)cc1)c1ccccc1,5.36,3.62
CHEMBL3978054,CN(C)CCOc1ccc(/C(=C(/CCCO)c2ccccc2)c2ccc(Br)cc2)cc1.Cl,6.12,4.75
CHEMBL11052,CCC(=C(c1ccccc1)c1ccccc1)c1ccc(OC(C)=O)cc1,5.98,6.10
CHEMBL66352,CCN(CC)CCOc1ccc(/C(=C(\C#N)c2ccccc2)c2ccc(O)cc2)cc1,5.60,4.01
CHEMBL3991341,CN(C)CCOc1ccc(/C(=C(/CCC(F)F)c2ccccc2)c2ccc(O)cc2)cc1,6.34,4.60
CHEMBL2105273,OCCNCCOc1ccc(/C(=C(\c2ccccc2)C(F)(F)F)c2ccccc2)cc1,5.17,3.61
CHEMBL3422034,NCCOc1ccc(/C(=C/c2ccccc2)c2ccc(O)cc2)cc1,4.32,2.72
CHEMBL267426,CC/C(=C(\c1ccc(I)cc1)c1ccc(OCCCCN(C)C)cc1)c1ccccc1,7.38,5.50
CHEMBL545665,CC/C(=C(\c1ccccc1)c1ccc(OCCN(CC)CC)cc1)c1ccccc1.Cl,6.78,5.16
CHEMBL304867,COc1ccc(C(=C(C#N)c2ccccc2)c2ccc(OC)cc2)cc1,5.19,5.15
CHEMBL37130,CC/C(=C(/c1ccc(OCCN(C)C)cc1)c1cccc(F)c1)c1ccccc1,6.14,5.11
CHEMBL2104547,COc1ccccc1C(C(=O)O)=C(c1ccccc1)c1ccccc1,4.74,1.62
CHEMBL2008893,COc1ccc(C(Cl)=C(c2ccc(OCCN(C)C)cc2)c2ccc(OCCN(C)C)cc2)cc1,5.73,2.72
CHEMBL2104048,COc1ccc(C(CN(C)C)=C(c2ccc(OC)cc2)c2ccc(OC)cc2)cc1,5.23,3.85
CHEMBL3990898,CN(C)CCOc1ccc(/C(=C(/CCCO)c2ccccc2)c2ccc(C#N)cc2)cc1,5.23,3.84
CHEMBL3991044,CN(C)CCOc1ccc(/C(=C(/CCCF)c2ccccc2)c2ccc(Br)cc2)cc1,7.10,5.64
CHEMBL2283169,CCCC/C(=C(\c1ccccc1)c1ccc(S(C)(=O)=O)cc1)c1cc(C(C)(C)C)c(O)c(C(C)(C)C)c1,8.54,9.01
CHEMBL1229025,CC/C(=C(\c1ccccc1)c1ccc(OCC[N+](C)(C)C(C)C)cc1)c1ccccc1,6.92,2.96
CHEMBL3990617,CN(C)CCOc1ccc(/C(=C(/CCCF)c2ccccc2)c2ccc(O)cc2)cc1,6.04,4.57
CHEMBL2104143,CC[N+]([O-])(CC)CCOc1ccc(/C(=C(/Cl)c2ccccc2)c2ccccc2)cc1,6.58,5.35
CHEMBL2397604,CC/C(=C(\c1ccc(O)cc1)c1ccc(NC(=O)C(C)C)cc1)c1ccc(O)cc1,6.06,6.36
CHEMBL3892609,CC(=C(c1ccc(O)cc1)c1ccc(O)cc1)c1ccc([N+](=O)[O-])cc1,4.99,5.33
CHEMBL3586194,CC/C(=C(\c1ccc(O)cc1)c1ccc(OCCNCCCCCCCCCCO)cc1)c1ccccc1,7.84,5.98
CHEMBL1221729,CCCC/C(=C(\c1ccccc1)c1ccc(OCCF)cc1)c1ccc(S(C)(=O)=O)cc1,6.59,6.26
CHEMBL142580,O=S(=O)(OC(=C(c1ccccc1)c1ccccc1)c1ccccc1)C(F)(F)F,5.47,6.51
CHEMBL291639,Cc1ccc(/C(=C(\C#N)c2ccccc2)c2ccc(O)cc2)cc1,5.18,5.55
CHEMBL170569,FC(F)(F)C(F)(F)C(=C(c1ccccc1)c1ccccc1)c1ccccc1,6.84,7.11
CHEMBL286793,CC/C(=C(/c1ccc(OCCN(C)C)cc1)c1ccccc1O)c1ccccc1,5.70,4.67
CHEMBL3422048,CC/C(=C(/c1ccc(O)cc1)c1ccc(OCCBr)cc1)c1ccccc1,6.54,6.86
CHEMBL204697,CN(C)CCOc1ccc(/C(=C(/CCCC#N)c2ccccc2)c2ccc(O)cc2)cc1,5.99,4.29
CHEMBL3774660,C/C(=C(/c1ccc(O)cc1)c1ccc(OCCN(C)C)cc1)c1ccccc1,5.31,4.22
CHEMBL310465,CC/C(=C(/c1ccc(Br)cc1)c1ccc(OCCN(C)C)cc1)c1ccccc1,6.76,5.74
CHEMBL288049,CCCCCCCCN(C)C(=O)/C=C/c1ccc(/C(=C(/CC)c2ccccc2)c2ccccc2)cc1,8.89,9.40
CHEMBL3422028,CC/C(=C(/c1ccc(O)cc1)c1ccc(OCCN)cc1)c1ccc(O)cc1,4.80,3.23
CHEMBL437700,CNCCC/C(=C(\c1ccc(O)cc1)c1ccc(OCCN(C)C)cc1)c1ccccc1,5.29,1.30
CHEMBL202615,CN(C)CCOc1ccc(/C(=C(/CCCN=[N+]=[N-])c2ccccc2)c2ccc(O)cc2)cc1,6.38,4.38
CHEMBL356693,CCCCC(=C(c1ccc(O)cc1)c1ccc(O)cc1)c1ccccc1,6.25,6.74
CHEMBL11041,CC/C(=C(\c1ccc(OC(C)=O)cc1)c1cccc(OC(C)=O)c1)c1ccc(OC(C)=O)cc1,5.83,5.31
CHEMBL289215,CC(=O)Oc1ccc(C(=Cc2ccccc2)c2ccc(OC(C)=O)cc2)cc1,5.13,4.96
CHEMBL365432,CCC/C(=C(\c1ccccc1)c1ccc(S(C)(=O)=O)cc1)c1ccccc1,5.85,5.78
CHEMBL164733,BrCCOc1ccc(/C(=C/c2ccccc2)c2ccccc2)cc1,6.05,6.44
CHEMBL4065193,COC(=O)CCC(=C(c1ccc(O)cc1)c1ccc(O)cc1)c1ccccc1,5.01,5.14
CHEMBL3330031,NCCOc1ccc(/C(=C(/CCN)c2ccccc2)c2ccccc2)cc1,4.33,-0.33
CHEMBL1241846,COc1ccc(/C=C(/c2ccc(OC)c(F)c2)c2cc(OC)c(OC)c(OC)c2)cc1O,5.16,4.79
CHEMBL4083974,CCOC(=O)C(=C(c1ccccc1)c1ccccc1)c1ccccc1,5.21,5.97
CHEMBL280771,CCC(=C(c1ccccc1)c1ccccc1)c1ccc(OC(C)=O)c(OC(C)=O)c1,5.91,5.70
CHEMBL361848,CS(=O)(=O)c1ccc(C=C(c2ccc(Cl)cc2)c2ccc(Cl)cc2)cc1,5.99,5.79
CHEMBL2172020,CCCCC(=C(c1ccccc1)c1ccccc1)c1ccc([S+](C)(=N)[O-])cc1,6.87,6.23
CHEMBL55961,CC/C(=C(\c1ccccc1)c1cccc(OC(C)=O)c1)c1ccc(OC(C)=O)cc1,5.91,5.70
CHEMBL3586195,CC/C(=C(\c1ccc(O)cc1)c1ccc(OCCNCCCCCCCCCCF)cc1)c1ccccc1,8.82,6.87
CHEMBL369609,CCCCC(=C(c1ccccc1)c1ccccc1)c1ccc(S(=O)(=O)OC)cc1,6.17,6.94
CHEMBL594177,CC/C(=C(\c1ccccc1)c1cc(OC)c(OC)c(OC)c1)c1ccc(OC)c(O)c1,5.80,5.55
CHEMBL63877,CCN(CC)CCOc1ccc(/C(=C(/C#N)c2ccccc2)c2ccc(O)cc2)cc1,5.60,4.01
CHEMBL65053,N#CC(=C(c1ccc(O)cc1)c1ccc(O)cc1)c1ccccc1,4.58,4.61
CHEMBL3581633,CC/C(=C(\c1ccccc1)c1ccc(/C=C/C(=O)O)cc1)c1ccc(O)cc1,5.86,3.08
CHEMBL486,CC/C(=C(\c1ccccc1)c1ccc(OCCN(C)C)cc1)c1cccc(O)c1,5.70,4.67
CHEMBL29729,CC/C(=C(/c1ccccc1)c1ccc(OC(C)=O)cc1)c1ccc(OC(C)=O)c(OC(C)=O)c1,5.83,5.31
CHEMBL294051,N#C/C(=C(/c1ccccc1)c1ccc(O)cc1)c1ccc(O)cc1,4.58,4.79
CHEMBL174161,CN(O)C(=O)C(=C(c1ccccc1)c1ccccc1)c1ccccc1,4.49,4.63
CHEMBL1241656,COc1ccc(/C(=C\c2cc(OC)c(OC)c(OC)c2)c2cc(OC)c(OC)c(OC)c2)cc1,5.34,4.64
CHEMBL2283181,CCCC/C(=C(\c1ccccc1)c1ccc(N=[N+]=[N-])cc1)c1ccccc1,7.78,7.69
CHEMBL3586191,CCCCCCCCCCNCCOc1ccc(/C(=C(/CC)c2ccccc2)c2ccc(O)cc2)cc1,8.87,7.42
CHEMBL2283180,CCCCCC/C(=C(\c1ccccc1)c1ccc(N=[N+]=[N-])cc1)c1ccccc1,8.56,8.57
CHEMBL3986248,CN(C)CCOc1ccc(/C(=C(/CCCO)c2ccccc2)c2ccccc2)cc1.Cl,5.36,3.98
CHEMBL342340,CC/C(=C(\c1ccc(C)cc1)c1ccc(OCC(=O)O)cc1)c1ccccc1,5.83,2.92
CHEMBL316204,CC/C(=C(\c1ccc(Cl)cc1)c1ccc(OCCN(C)C)cc1)c1ccccc1,6.65,5.58
CHEMBL275059,CC/C(=C(/c1ccccc1)c1cccc(OC(C)=O)c1)c1ccccc1,5.98,6.10
CHEMBL303196,CN(C)CCOc1ccc(/C(=C(/CCO)c2ccccc2)c2ccccc2)cc1,4.97,3.54
CHEMBL202302,CC(=O)NCCC/C(=C(\c1ccc(O)cc1)c1ccc(OCCN(C)C)cc1)c1ccccc1,5.21,3.39
CHEMBL3911541,CN(C)CCOc1ccc(/C(=C(/CCCO)c2ccccc2)c2ccc(S(C)(=O)=O)cc2)cc1.Cl,4.76,2.82
CHEMBL1213783,CC/C(=C(\c1ccccc1)c1ccc(OCC[N+](C)(C)C)cc1)c1ccccc1.[I-],6.14,2.19
CHEMBL3925065,CC(=C(c1ccc(O)cc1)c1ccc(OCC(N)=O)cc1)c1ccc([N+](=O)[O-])cc1,4.14,4.19
CHEMBL54947,CC/C(=C(/c1ccccc1)c1cccc(OC(C)=O)c1)c1ccc(OC(C)=O)cc1,5.91,5.70
CHEMBL1985246,COc1ccc(C(Cl)=C(c2ccc(OCCN(C)C)cc2)c2ccc(OCCN(C)C)cc2)cc1.Cl,5.73,2.72
CHEMBL302647,Cc1ccc(/C(=C(/C#N)c2ccccc2)c2ccc(O)cc2)cc1,5.18,5.55
CHEMBL10852,CC/C(=C(\c1ccccc1)c1ccc(OC(C)=O)cc1)c1ccc(OC(C)=O)cc1,5.91,5.70
CHEMBL3990705,CN(C)CCOc1ccc(/C(=C(/CCCO)c2ccccc2)c2ccc(F)cc2)cc1,5.50,4.12
CHEMBL418153,CCC(=C(c1ccccc1)c1ccccc1)c1ccccc1,6.06,6.49
CHEMBL450879,CCC(=C(c1ccccc1)c1ccccc1)c1ccc(S(=O)(=O)OC)cc1,5.39,6.05
CHEMBL29475,CCC(=C(c1ccc(OC(C)=O)c(OC(C)=O)c1)c1ccc(OC(C)=O)c(OC(C)=O)c1)c1ccccc1,5.76,4.92
CHEMBL9748,CC/C(=C(/c1ccccc1)c1ccc(OCCN(C)C)cc1)c1cccc(O)c1,5.70,4.67
CHEMBL176382,CCCCCCCCCC(=C(c1ccccc1)c1ccccc1)c1ccc(S(=O)(=O)OC)cc1,8.12,9.16
CHEMBL1221795,CS(=O)(=O)c1ccc(C(CCF)=C(c2ccccc2)c2ccccc2)cc1,5.41,4.78
CHEMBL360720,CS(=O)(=O)c1ccc(/C(=C/c2ccc(F)cc2)c2ccccc2)cc1,4.82,4.73
CHEMBL64918,CN(C)c1ccc(C(=C(C#N)c2ccccc2)c2ccc(N(C)C)cc2)cc1,5.30,5.68
CHEMBL1983477,Oc1ccc(C(=C(Br)c2ccccc2)c2ccc(O)cc2)cc1,5.41,5.42
CHEMBL84390,CC/C(=C(\c1ccc(O)cc1)c1ccc(OCCN(CC)CC)cc1)c1ccccc1,6.48,4.88
CHEMBL3823973,CC/C(=C(\c1ccc(NC(=O)C(C)C)cc1)c1ccc(OC)cc1)c1ccc(O)cc1,6.36,6.50
CHEMBL3422031,CC/C(=C(/c1ccccc1)c1ccc(OCCN)cc1)c1ccccc1,5.39,3.68
CHEMBL34530,CC/C(=C(/c1ccc(OCCN(C)C)cc1)c1ccc(O)cc1O)c1ccccc1,5.41,4.37
CHEMBL440841,CC/C(=C(/c1ccccc1)c1ccc(OC(C)=O)c(OC(C)=O)c1)c1ccccc1,5.91,5.70
CHEMBL165573,NCCCCCNCCOc1ccc(/C(=C(/Cl)c2ccccc2)c2ccccc2)cc1,5.94,0.71
CHEMBL2283170,CCCC/C(=C(\c1ccccc1)c1cc(C(C)(C)C)c(C(C)=O)c(C(C)(C)C)c1)c1ccc(S(C)(=O)=O)cc1,9.04,8.87
CHEMBL383112,CN(C)CCOc1ccc(/C(=C(/CCCCl)c2ccccc2)c2ccc(O)cc2)cc1,6.31,5.03
CHEMBL29945,CC/C(=C(\c1ccccc1)c1ccc(OC(C)=O)c(OC(C)=O)c1)c1ccc(OC(C)=O)c(OC(C)=O)c1,5.76,4.92
CHEMBL2397602,CCC(=O)Nc1ccc(/C(=C(/CC)c2ccc(O)cc2)c2ccc(O)cc2)cc1,5.82,5.81
CHEMBL33879,Oc1ccc(C(=Cc2ccc(Br)cc2)c2ccc(O)cc2)cc1,5.45,5.88
CHEMBL3823004,CC/C(=C(/c1ccc(O)cc1)c1ccc(NC(=O)C(C)C)cc1)c1ccccc1,6.36,6.65
CHEMBL65427,CC(C)Oc1ccc(/C(=C(/C#N)c2ccccc2)c2ccc(O)cc2)cc1,5.66,5.65
CHEMBL85330,CC/C(=C(/c1ccc(OCCN(C)C)cc1)c1cccc(I)c1)c1ccccc1,6.60,5.90
CHEMBL3422036,NCCOc1ccc(/C(=C(\CCCl)c2ccccc2)c2ccc(O)cc2)cc1,5.32,3.38
CHEMBL29781,CC/C(=C(\c1ccccc1)c1cccc(OC(C)=O)c1)c1ccc(OC(C)=O)c(OC(C)=O)c1,5.83,5.31
CHEMBL3786489,COc1ccc(/C(=C(/CCCl)c2ccccc2)c2ccccc2)cc1,6.28,6.25
CHEMBL3099616,CCC(=C(c1ccc(OCCN(C)C)cc1)c1ccc(OCCN(C)C)cc1)c1ccccc1,5.94,3.45
CHEMBL1056,CCN(CC)CCOc1ccc(/C(=C(/Cl)c2ccccc2)c2ccc(O)cc2)cc1,6.27,4.31
CHEMBL282836,CC/C(=C(/c1ccccc1)c1ccc(OC(C)=O)c(OC(C)=O)c1)c1cccc(OC(C)=O)c1,5.83,5.31
CHEMBL1743350,CC/C(=C(\c1ccccc1)c1ccc(OCCN)cc1)c1ccccc1,5.39,3.68
CHEMBL3586192,CCCCCCCCCCCCCCNCCOc1ccc(/C(=C(/CC)c2ccccc2)c2ccc(O)cc2)cc1,10.43,9.20
CHEMBL287352,Oc1ccc(C(=Cc2ccc(I)cc2)c2ccc(O)cc2)cc1,5.29,6.04
CHEMBL2172019,CC(=C(c1ccccc1)c1ccccc1)c1ccc([S+](C)(=N)[O-])cc1,5.70,4.90
CHEMBL10041,CC/C(=C(\c1ccccc1)c1ccc(OCCN(C)C)cc1)c1ccc(O)cc1,5.70,4.67
CHEMBL3961033,CC(=C(c1ccc(N)cc1)c1ccc(NCC(N)=O)cc1)c1ccc([N+](=O)[O-])cc1,4.05,3.30
CHEMBL1213786,CCCC[N+](C)(C)CCOc1ccc(/C(=C(/CC)c2ccccc2)c2ccccc2)cc1.[Br-],7.31,3.51
CHEMBL2283168,CC/C(=C(\c1ccccc1)c1ccc(S(C)(=O)=O)cc1)c1cc(C(C)(C)C)c(O)c(C(C)(C)C)c1,7.76,8.12
CHEMBL32172,CC/C(=C(\c1ccc(OCCN(C)C)cc1)c1ccc(OS(N)(=O)=O)cc1)c1ccccc1,4.58,3.62
CHEMBL2397606,CCCCCC(=O)Nc1ccc(/C(=C(/CC)c2ccc(O)cc2)c2ccc(O)cc2)cc1,6.99,7.15
CHEMBL357824,CCCC(=C(c1ccc(O)cc1)c1ccc(O)cc1)c1ccccc1,5.86,6.30
CHEMBL178356,Cc1ccc(/C=C(\c2ccccc2)c2ccc(S(C)(=O)=O)cc2)cc1,4.99,5.10
CHEMBL35766,CC/C(=C(/c1ccc(O)cc1)c1ccc(NC(C)=O)cc1)c1ccccc1,5.72,5.41
CHEMBL187391,CCCCCC/C(=C(\c1ccccc1)c1ccc(S(C)(=O)=O)cc1)c1ccccc1,7.02,7.11
CHEMBL285536,Oc1ccc(C(=Cc2ccc(F)cc2)c2ccc(O)cc2)cc1,4.83,5.25
CHEMBL1093253,CC/C(=C(\c1ccccc1)c1ccc(O)cc1)c1ccc(O)cc1,5.47,5.85
CHEMBL3422052,CC/C(=C(/c1ccc(O)cc1)c1ccc(CCCN)cc1)c1ccc(O)cc1,5.36,3.74
CHEMBL3775410,CCCCCCCCCC(=O)Oc1ccc(/C(=C(/C)c2ccccc2)c2ccc(OCCN(C)C)cc2)cc1,8.65,7.95
CHEMBL3422050,CC/C(=C(/c1ccc(O)cc1)c1ccc(OCCCN)cc1)c1ccccc1,5.49,3.16
CHEMBL3968559,CNCCOc1ccc(/C(=C(/CCCO)c2ccccc2)c2ccc(O)cc2)cc1.Cl,4.72,2.62
CHEMBL3422035,C/C(=C(/c1ccc(O)cc1)c1ccc(OCCN)cc1)c1ccccc1,4.71,3.02
CHEMBL3957546,CCN(CC)CCOc1ccc(/C(=C(/CCCO)c2ccccc2)c2ccc(O)cc2)cc1.Cl,5.84,3.87
CHEMBL1229024,CC/C(=C(\c1ccccc1)c1ccc(OCC[N+](C)(C)CC)cc1)c1ccccc1,6.53,2.55
CHEMBL3953814,CN(C)CCOc1ccc(/C(=C(/CCCO)c2cccc(F)c2)c2ccc(Br)cc2)cc1.Cl,6.26,4.89
CHEMBL6718,CC/C(=C(\c1ccc(I)cc1)c1ccc(OCCCCCCCCN(C)C)cc1)c1ccccc1,8.94,7.28
CHEMBL2105786,CC/C(=C(/c1ccc(OCCN(C)C)cc1)c1cccc(O)c1)c1ccccc1.O=C(O)CC(O)(CC(=O)O)C(=O)O,5.70,4.67
CHEMBL266086,CC/C(=C(\c1ccc(I)cc1)c1ccc(OCCCN(C)C)cc1)c1ccccc1,6.99,5.49
CHEMBL34865,CC(=O)Oc1ccc(C(=C(CC(F)(F)F)c2ccccc2)c2ccc(OC(C)=O)cc2)cc1,6.45,5.89
CHEMBL1221730,CCC(=C(c1ccccc1)c1ccccc1)c1ccc(S(C)(=O)=O)cc1,5.46,5.33
CHEMBL3961452,CCC(=C(c1ccc(N)cc1)c1ccc(NCC(N)=O)cc1)c1ccc([N+](=O)[O-])cc1,4.44,3.74
CHEMBL3822468,CC/C(=C(\c1ccc(O)cc1)c1ccc(NC(=O)C(C)C)cc1)c1ccc(Cl)cc1Cl,7.66,7.87
CHEMBL3965511,CN(C)CCOc1ccc(/C(=C(/CCC(F)F)c2ccccc2)c2ccc(Br)cc2)cc1.Cl,7.39,5.68
CHEMBL3422046,CC/C(=C(/c1ccc(O)cc1)c1ccc(OCCO)cc1)c1ccccc1,5.13,5.32
CHEMBL1984313,CC(=O)C(=C(c1ccccc1)c1ccccc1)c1ccccc1,5.23,5.57
CHEMBL240342,CC/C(=C(/c1ccc(Br)cc1)c1ccc(OCCN)cc1)c1ccccc1,6.16,4.45
CHEMBL37775,CCC(=C(c1ccc(O)cc1)c1ccc(O)cc1)c1ccc(O)cc1,5.17,5.54
CHEMBL487,CC/C(=C(/c1ccc(OCCN(C)C)cc1)c1cccc(O)c1)c1ccccc1,5.70,4.67
CHEMBL3422037,CCC/C(=C(/c1ccc(O)cc1)c1ccc(OCCN)cc1)c1ccccc1,5.49,3.91
CHEMBL358975,CC/C(=C(\c1ccc(O)cc1)c1ccc(CC(=O)O)cc1)c1ccccc1,5.39,2.68
CHEMBL38222,CCCCC(=C(c1ccc(O)cc1)c1ccc(O)cc1)c1ccc(O)cc1,5.95,6.42
CHEMBL4100590,COC(=O)C(C)C/C(=C(\c1ccc(O)cc1)c1ccc(OCCN(C)C)cc1)c1ccccc1,5.49,4.48
CHEMBL3961676,CN(C)CCOc1ccc(/C(=C(/CCCF)c2ccccc2)c2ccc(O)cc2)cc1.Cl,6.04,4.57
CHEMBL3775006,CCCC(=O)Oc1ccc(/C(=C(/C)c2ccccc2)c2ccc(OCCN(C)C)cc2)cc1,6.31,5.28
CHEMBL144704,CC/C(=C(\c1ccccc1)c1ccc(OCC(=O)O)cc1)c1ccccc1,5.52,2.40
CHEMBL2283156,CCCCCCCC(=C(c1ccccc1)c1ccccc1)c1ccc(S(C)(=O)=O)cc1,7.41,7.55
CHEMBL2397607,CCCCCC(=O)Nc1ccc(/C(=C(\CC)c2ccc(O)cc2)c2ccc(O)cc2)cc1,6.99,7.13
CHEMBL56559,CC/C(=C(\c1ccc(OC(C)=O)cc1)c1cccc(OC(C)=O)c1)c1ccccc1,5.91,5.70
CHEMBL352909,BrCCOc1ccc(/C(=C\c2ccccc2)c2ccccc2)cc1,6.05,6.44
CHEMBL63922,N#C/C(=C(\c1ccccc1)c1ccc(O)cc1)c1ccc(O)cc1,4.58,4.66
CHEMBL3984531,CC(=C(c1ccc(N)cc1)c1ccc(N)cc1)c1ccc([N+](=O)[O-])cc1,4.74,4.33
CHEMBL81881,CC/C(=C(/c1ccc(I)cc1)c1ccc(OCCN(C)C)cc1)c1ccccc1,6.60,5.90
CHEMBL3823423,CC/C(=C(/c1ccc(O)cc1)c1ccc(NC(=O)C(C)C)cc1)c1ccc(Cl)cc1Cl,7.66,7.86
CHEMBL187384,CCCCCCCC/C(=C(\c1ccccc1)c1ccc(S(C)(=O)=O)cc1)c1ccccc1,7.80,8.00
CHEMBL417580,CC/C(=C(\c1ccccc1)c1ccc(OC(C)=O)cc1)c1cccc(OC(C)=O)c1,5.91,5.70
CHEMBL157821,CC(C)N(CCOc1ccc(C(=C(C#N)c2ccccc2)c2ccc(OCCN(C(C)C)C(C)C)cc2)cc1)C(C)C,8.16,3.40
CHEMBL4248952,CC/C(=C(\c1ccc(O)cc1)c1ccc(OCCN(C)C)cc1)c1ccc(/C=C/C(=O)NO)cc1,5.22,4.02
CHEMBL3330027,[N-]=[N+]=NCCOc1ccc(/C(=C(/CCCl)c2ccccc2)c2ccccc2)cc1,6.96,6.27
CHEMBL4525767,CC/C(=C(\c1ccccc1)c1ccc(OCCNC)cc1)c1ccccc1,5.65,3.89
CHEMBL3905734,CCC(=C(c1ccc(N)cc1)c1ccc(N)cc1)c1ccc([N+](=O)[O-])cc1,5.13,4.77
CHEMBL415864,Oc1ccc(C(=Cc2ccccc2)c2ccc(O)cc2)cc1,4.69,5.11
CHEMBL432844,CC/C(=C(\c1ccccc1)c1ccc(OC(C)=O)c(OC(C)=O)c1)c1ccc(OC(C)=O)cc1,5.83,5.31
CHEMBL3893563,COc1ccc(/C(=C(\CCCO)c2ccccc2)c2ccc(OCCN(C)C)cc2)cc1.Cl,5.37,3.82
CHEMBL313685,CC/C(=C(\c1ccc(Br)cc1)c1ccc(OCCN(C)C)cc1)c1ccccc1,6.76,5.74
CHEMBL368624,FC(F)(F)C(=C(c1ccccc1)c1ccccc1)c1ccc(Cl)cc1,6.86,7.01
CHEMBL170581,COc1ccc(/C(=C(/c2ccccc2)C(F)(F)F)c2ccccc2)cc1,6.22,6.25
CHEMBL1984055,COc1ccc(C(=C(I)c2ccccc2)c2ccc(OC)cc2)cc1,6.06,5.91
CHEMBL39227,CC/C(=C(\c1ccccc1)c1ccc(/C=C/C(=O)NCCCOC)cc1)c1ccccc1,6.22,6.08
CHEMBL4237922,CC/C(=C(\c1ccc(O)cc1)c1ccc(OCCN(C)C)cc1)c1ccc(CCCCC(=O)NO)cc1,5.92,4.83
CHEMBL157972,NCC(=C(c1ccc(O)cc1)c1ccc(O)cc1)c1ccccc1,4.02,2.43
CHEMBL1221728,CCCC/C(=C(\c1ccccc1)c1ccc(OC)cc1)c1ccc(S(C)(=O)=O)cc1,6.25,6.06
CHEMBL347130,CC(C)CCOc1ccc(C(=C(C#N)c2ccccc2)c2ccc(OCCC(C)C)cc2)cc1,8.02,8.37
CHEMBL3786492,COc1ccc(/C(=C(/CCN=[N+]=[N-])c2ccccc2)c2ccccc2)cc1,6.35,5.60
CHEMBL604791,CC/C(=C(/c1ccccc1)c1cc(OC)c(OC)c(OC)c1)c1ccc(OC)c(O)c1,5.80,5.55
CHEMBL3904163,CN(C)CCOc1ccc(/C(=C(/CCCO)c2ccccc2)c2ccc(C(F)(F)F)cc2)cc1.Cl,6.38,4.86
CHEMBL293234,Cc1ccc(C(C#N)=C(c2ccc(O)cc2)c2ccc(O)cc2)cc1,4.89,5.28
CHEMBL34709,Oc1ccc(C=C(c2ccc(O)cc2)c2ccc(O)cc2)cc1,4.39,4.79
CHEMBL10997,CCC(=C(c1ccc(OC(C)=O)cc1)c1ccc(OC(C)=O)cc1)c1ccc(OC(C)=O)cc1,5.83,5.31
CHEMBL309503,CCCCc1ccc(/C(=C(\CC)c2ccccc2)c2ccc(OCCN(C)C)cc2)cc1,7.34,6.82
CHEMBL2074961,CC/C(=C(\c1ccc(O)cc1)c1ccc(OCCN(C)C)cc1)c1ccc(C(C)C)cc1,6.83,5.91
CHEMBL2283177,CC/C(=C(\c1ccccc1)c1ccc(NS(C)(=O)=O)cc1)c1ccccc1,5.43,4.86
CHEMBL1091535,CCC(=C(c1ccc(O)cc1)c1ccc(/C=C/C(=O)O)cc1)c1ccccc1,5.86,3.07
CHEMBL314131,CC/C(=C(/c1ccc(OCCN(C)C)cc1)c1ccc([S+](C)[O-])cc1)c1ccccc1,5.73,3.71
CHEMBL315041,C#Cc1ccc(/C(=C(\CC)c2ccccc2)c2ccc(OCCN(C)C)cc2)cc1,5.98,5.12
CHEMBL2397603,CCC(=O)Nc1ccc(/C(=C(\CC)c2ccc(O)cc2)c2ccc(O)cc2)cc1,5.82,5.79
CHEMBL34648,Oc1ccc(C(=C(Cl)c2ccccc2)c2ccc(O)cc2)cc1,5.25,5.26
CHEMBL413347,FC(F)(F)C(=C(c1ccccc1)c1ccccc1)c1ccc(C(F)(C(F)(F)F)C(F)(F)F)cc1,8.50,8.43
CHEMBL3990273,CN(C)CCCOc1ccc(/C(=C(/CCCO)c2ccccc2)c2ccc(O)cc2)cc1,5.45,3.27
CHEMBL4084142,COC(=O)CC/C(=C(\c1ccc(O)cc1)c1ccc(OCCN(C)C)cc1)c1ccccc1,5.24,3.94
CHEMBL41069,CC/C(=C(\c1ccccc1)c1ccc(/C=C/C(=O)N(CC)CC)cc1)c1ccccc1,6.94,7.01
CHEMBL2283149,CCCCCC(=C(c1ccccc1)c1ccccc1)c1ccc(S(C)(=O)=O)cc1,6.63,6.66
CHEMBL3991091,CN(C)CCOc1ccc(/C(=C(/CCCO)c2ccccc2)c2ccc(S(C)(=O)=O)cc2)cc1,4.76,2.82
CHEMBL3991287,CN(C)CCOc1ccc(/C(=C(/CCCO)c2ccccc2)c2ccc(Cl)cc2)cc1,6.01,4.58
CHEMBL300460,CC/C(=C(/c1ccccc1)c1ccc(OCCN(C)C)cc1)c1ccccc1,6.00,4.97
CHEMBL36051,CCCC(=C(c1ccc(OC(C)=O)cc1)c1ccc(OC(C)=O)cc1)c1ccccc1,6.30,6.15
CHEMBL28380,CC/C(=C(\c1ccccc1)c1ccc(OCCN(CC)CC)cc1)c1ccccc1,6.78,5.16
CHEMBL3990391,CN(C)CCOc1ccc(/C(=C(/CCC(F)F)c2ccccc2)c2ccc(Br)cc2)cc1,7.39,5.68
CHEMBL3991351,CCN(CC)CCOc1ccc(/C(=C(/CCCO)c2ccccc2)c2ccc(O)cc2)cc1,5.84,3.87
CHEMBL1988458,OCCNCCOc1ccc(/C(=C(/Cl)c2ccccc2)c2ccccc2)cc1,4.80,3.10
CHEMBL3526770,CN(C)CCOc1ccc(/C(=C(/CCCl)c2ccccc2)c2ccc(OS(=O)(=O)O)cc2)cc1,5.40,4.00
CHEMBL1402,CN(C)CCOc1ccc(/C(=C(/CCCl)c2ccccc2)c2ccc(O)cc2)cc1,5.92,4.59
CHEMBL3586190,CCCCCCCCNCCOc1ccc(/C(=C(/CC)c2ccccc2)c2ccc(O)cc2)cc1,8.09,6.53
CHEMBL93023,C/C(=C(\c1ccccc1)c1ccc(OCCN(C)C)cc1)c1ccccc1,5.61,4.53
CHEMBL33862,CC/C(=C(/c1ccc(OCCN(C)C)cc1)c1ccc(OS(N)(=O)=O)cc1)c1ccccc1,4.58,3.62
CHEMBL50995,CC/C(=C(\c1ccccc1)c1ccc(O)cc1)c1ccccc1,5.76,6.17
CHEMBL1213137,CCN(CC)CCOc1ccc(/C(=C(\Cl)c2ccccc2)c2ccccc2)cc1.O=C(O)CC(O)(CC(=O)O)C(=O)O,6.56,4.57
CHEMBL29983,CC/C(=C(/c1ccccc1)c1cccc(OC(C)=O)c1)c1ccc(OC(C)=O)c(OC(C)=O)c1,5.83,5.31
CHEMBL355779,COc1ccc(/C(=C(/c2ccc(F)cc2)C(F)(F)F)c2ccccc2)cc1,6.36,6.40
CHEMBL2386286,CC/C(=C(\c1ccc(O)cc1)c1ccc(OCC(N)=O)cc1)c1ccccc1,4.63,4.69
CHEMBL1221731,CCCCC(=C(c1ccccc1)c1ccccc1)c1ccc(S(C)(=O)=O)cc1,6.24,6.22
CHEMBL3891326,CN(C)CCOc1ccc(/C(=C(/CCCF)c2ccccc2)c2ccc(Br)cc2)cc1.Cl,7.10,5.64
CHEMBL2004563,COc1ccc(/C(Cl)=C(\c2ccc(OCCN(C)C)cc2)c2ccc(OC(=O)C(C)(C)C)cc2)cc1.Cl,6.74,5.64
CHEMBL3330030,NCC/C(=C(\c1ccccc1)c1ccc(OCCO)cc1)c1ccccc1,4.37,1.63
CHEMBL3098273,CCCCCCNCCOc1ccc(/C(=C(/CC)c2ccccc2)c2ccc(O)cc2)cc1,7.31,5.74
CHEMBL2397609,CC/C(=C(/c1ccc(O)cc1)c1ccc(NC(=O)N(C)C)cc1)c1ccc(O)cc1,5.56,5.21
CHEMBL276226,CC/C(=C(/c1ccccc1)c1cccc(OC(C)=O)c1)c1cccc(OC(C)=O)c1,5.91,5.70
CHEMBL2283174,CS(=O)(=O)c1ccc(/C=C(\c2ccccc2)c2ccc(Cl)cc2)cc1,5.33,5.19
CHEMBL2283176,CCCC/C(=C(\c1ccccc1)c1ccc(NS(C)(=O)=O)cc1)c1ccccc1,6.21,5.75
CHEMBL3787396,CCN(CC)C(=O)NCC/C(=C(\c1ccccc1)c1ccc(OC)cc1)c1ccccc1,6.10,5.44
CHEMBL3422040,N#CC/C(=C(/c1ccc(O)cc1)c1ccc(OCCN)cc1)c1ccccc1,4.60,2.21
CHEMBL594421,CC/C(=C(\c1ccccc1)c1ccc(OC)c(O)c1)c1cc(OC)c(OC)c(OC)c1,5.80,5.55
CHEMBL145356,CCC(=C(c1ccc(O)cc1)c1ccc(O)cc1)c1ccc(OCC(=O)O)cc1,4.93,1.83
CHEMBL2397611,CC/C(=C(/c1ccc(O)cc1)c1ccc(NC(=O)N(CC)CC)cc1)c1ccc(O)cc1,6.34,5.92
CHEMBL29525,CC/C(=C(/c1ccccc1)c1ccc(OC(C)=O)c(OC(C)=O)c1)c1ccc(OC(C)=O)c(OC(C)=O)c1,5.76,4.92
CHEMBL3422029,CC/C(=C(/c1ccc(O)cc1)c1ccc(OCCN)cc1)c1ccc(F)cc1,5.24,3.61
CHEMBL56896,CC/C(=C(/c1ccc(OC(C)=O)cc1)c1cccc(OC(C)=O)c1)c1ccccc1,5.91,5.70
CHEMBL276887,CC/C(=C(\c1ccccc1)c1ccc(OC(C)=O)cc1)c1ccccc1,5.98,6.10
CHEMBL4073790,CC(C)C/C(=C(\c1ccc(O)cc1)c1ccc(OCCN(C)C)cc1)c1ccccc1,6.34,5.40
CHEMBL2172021,CCCCC(=C(c1ccccc1)c1ccccc1)c1ccc([S+](C)([O-])=NC#N)cc1,6.77,6.44
CHEMBL170693,Fc1ccc(C(=C(c2ccccc2)c2ccccc2)C(F)(F)F)cc1,6.35,6.55
CHEMBL283873,CC/C(=C(\c1ccccc1)c1ccc(OC(C)=O)cc1)c1ccc(OC(C)=O)c(OC(C)=O)c1,5.83,5.31
CHEMBL417964,CC(C)Oc1ccc(/C(=C(\C#N)c2ccccc2)c2ccc(O)cc2)cc1,5.66,5.65
CHEMBL6596,CC/C(=C(\c1ccc(I)cc1)c1ccc(OCCCCCCCCCCN(C)C)cc1)c1ccccc1,9.72,8.17
CHEMBL3990706,Cc1ccc(/C(=C(\CCCO)c2cccc(F)c2)c2ccc(OCCN(C)C)cc2)cc1,5.81,4.64
CHEMBL593955,COc1ccc(/C(=C(\C)c2cc(OC)c(OC)c(OC)c2)c2ccccc2)cc1O,5.41,5.11
CHEMBL3098275,CCCCCCCCCCCCCCCCCCNCCOc1ccc(/C(=C(/CC)c2ccccc2)c2ccc(O)cc2)cc1,11.99,11.07
CHEMBL2283171,Cc1ccc(/C(=C/c2ccc(S(C)(=O)=O)cc2)c2ccccc2)cc1,4.99,5.10
CHEMBL3823461,CC/C(=C(/c1ccc(NC(=O)C(C)C)cc1)c1ccc(OC)cc1)c1ccc(Cl)cc1Cl,7.97,8.02
CHEMBL3823260,CC/C(=C(/c1ccccc1)c1ccc(NC(=O)C(C)C)cc1)c1ccccc1,6.65,6.97
CHEMBL167799,Cl/C(=C(/c1ccccc1)c1ccc(OCCBr)cc1)c1ccccc1,6.62,6.59
CHEMBL3824095,CC/C(=C(/c1ccccc1)c1ccc(NC(=O)C(C)C)cc1)c1ccc(O)cc1,6.36,6.65
CHEMBL3973526,Cc1ccc(/C(=C(\CCCO)c2ccccc2)c2ccc(OCCN(C)C)cc2)cc1.Cl,5.67,4.49
CHEMBL11019,CCC(=C(c1cccc(OC(C)=O)c1)c1cccc(OC(C)=O)c1)c1cccc(OC(C)=O)c1,5.83,5.31
CHEMBL1229026,CCCC[N+](C)(C)CCOc1ccc(/C(=C(/CC)c2ccccc2)c2ccccc2)cc1,7.31,3.51
CHEMBL3990068,CNCCOc1ccc(/C(=C(/CCCO)c2ccccc2)c2ccc(O)cc2)cc1,4.72,2.62
CHEMBL106773,CC/C(=C(\c1ccc(O)cc1)c1ccc(OCC(=O)O)cc1)c1ccccc1,5.22,2.09
CHEMBL3422033,CC/C(=C(/c1ccc(N)cc1)c1ccc(OCCN)cc1)c1ccc(O)cc1,4.68,2.63
CHEMBL1241930,COc1ccc(/C=C(/c2ccc(OC)c(O)c2)c2cc(OC)c(OC)c(OC)c2)cc1O,4.73,4.34
CHEMBL1241753,COc1ccc(/C(=C/c2ccc(OC)c(O)c2)c2cc(OC)c(OC)c(OC)c2)cc1,5.02,4.65
CHEMBL1221727,CC/C(=C(\c1ccccc1)c1ccc(OC)cc1)c1ccc(S(C)(=O)=O)cc1,5.47,5.17
CHEMBL3914718,CCC(=C(c1ccc(O)cc1)c1ccc(O)cc1)c1ccc([N+](=O)[O-])cc1,5.38,5.77
CHEMBL3581635,CC/C(=C(/c1ccc(/C=C/C(=O)O)cc1)c1ccc(NS(C)(=O)=O)cc1)c1ccccc1,5.53,1.76
CHEMBL3098274,CCCCCCCCCCCCNCCOc1ccc(/C(=C(/CC)c2ccccc2)c2ccc(O)cc2)cc1,9.65,8.41
CHEMBL2386284,CC/C(=C(\c1ccc(O)cc1)c1ccc(OCCN)cc1)c1ccccc1,5.10,3.47
CHEMBL305128,N#CC(=C(c1ccccc1)c1ccccc1)c1ccc(O)cc1,4.87,5.14
CHEMBL354896,FC(F)(F)C(=C(c1ccccc1)c1ccccc1)c1ccc(C(F)(F)F)cc1,7.23,7.29
CHEMBL2008132,COc1ccc(/C(Cl)=C(\c2ccc(OCCN(C)C)cc2)c2ccc(OC(=O)C(C)(C)C)cc2)cc1,6.74,5.64
CHEMBL1091658,CCOc1ccc(/C(=C(/CC)c2ccc(O)cc2)c2ccc(O)cc2)cc1,5.87,6.07
CHEMBL33899,CC/C(=C(\c1ccccc1)c1ccc(/C=C/C(=O)O)cc1)c1ccccc1,6.15,3.38
CHEMBL3185138,CN(C)CCOc1ccc(C(=C(CCCl)c2ccccc2)c2ccccc2)cc1,6.22,4.89
CHEMBL422224,CC/C(=C(\c1ccc(OC(C)=O)cc1)c1ccc(OC(C)=O)c(OC(C)=O)c1)c1ccccc1,5.83,5.31
CHEMBL45802,CC/C(=C(\c1ccccc1)c1ccc(OCCN=C(N)N)cc1)c1ccccc1,4.71,2.74
CHEMBL3586193,CCCCCCCCCCCCCCCCNCCOc1ccc(/C(=C(/CC)c2ccccc2)c2ccc(O)cc2)cc1,11.21,10.09
CHEMBL85839,CC/C(=C(/c1ccc(OCCN(C)C)cc1)c1ccc(SC)cc1)c1ccccc1,6.72,5.60
CHEMBL2336868,CN(C)CCOc1ccc(/C(=C(/F)c2ccccc2)c2ccc(O)cc2)cc1,5.22,3.62
CHEMBL303857,CN(C)Cc1cc(C(=C(C#N)c2ccccc2)c2ccc(O)c(CN(C)C)c2)ccc1O,4.70,1.94
CHEMBL3785672,COc1ccc(/C(=C(/CCN)c2ccccc2)c2ccccc2)cc1,5.00,2.32
CHEMBL4071073,CC(=O)Oc1ccc(/C(=C(/c2ccccc2)C(C)C)c2ccc(OCCN(C)C)cc2)cc1,6.17,4.87
CHEMBL2283172,CS(=O)(=O)c1ccc(/C=C(\c2ccccc2)c2ccc(F)cc2)cc1,4.82,4.73
CHEMBL204970,CN(C)CCOc1ccc(/C(=C(/CCC#N)c2ccccc2)c2ccc(O)cc2)cc1,5.60,3.85
CHEMBL3422051,CC/C(=C(/c1ccc(O)cc1)c1ccc(CCCN)cc1)c1ccccc1,5.65,3.88
CHEMBL2386288,CC/C(=C(/c1ccc(OCC(N)=O)cc1)c1ccc(OC(=O)C(C)(C)C)cc1)c1ccccc1,5.87,6.41
CHEMBL283246,CC/C(=C(\c1ccccc1)c1ccc(OC(C)=O)c(OC(C)=O)c1)c1cccc(OC(C)=O)c1,5.83,5.31
CHEMBL360310,CS(=O)(=O)c1ccc(/C(=C/c2ccc(Cl)cc2)c2ccccc2)cc1,5.33,5.19
CHEMBL3775129,CC(=O)Oc1ccc(/C(=C(\C)c2ccccc2)c2ccc(OCCN(C)C)cc2)cc1,5.53,4.13
CHEMBL1200761,COc1ccc(C(Cl)=C(c2ccc(OC)cc2)c2ccc(OC)cc2)cc1,5.87,5.43
CHEMBL155591,CC(C)N(CCOc1ccc(C(C#N)=C(c2ccccc2)c2ccccc2)cc1)C(C)C,6.67,4.44
CHEMBL289612,CC/C(=C(\c1ccccc1)c1ccc(/C=C/C(=O)NCCCO)cc1)c1ccccc1,5.57,5.44
CHEMBL1221677,CC/C(=C(\c1ccccc1)c1ccc(O)cc1)c1ccc(S(C)(=O)=O)cc1,5.16,5.01
CHEMBL3422049,CC/C(=C(/c1ccc(O)cc1)c1ccc(OCCCl)cc1)c1ccccc1,6.38,6.68
CHEMBL4092854,CC(C)/C(=C(\c1ccc(O)cc1)c1ccc(OCCN(C)C)cc1)c1ccccc1,5.95,4.95
CHEMBL84671,CC/C(=C(\c1ccc(OCCN(C)C)cc1)c1ccc(S(C)(=O)=O)cc1)c1ccccc1,5.40,3.81
CHEMBL2283152,CCCCC(=C(c1ccccc1)c1ccccc1)c1ccccc1,6.84,7.38
CHEMBL3822780,CC/C(=C(\c1ccc(NC(=O)C(C)C)cc1)c1ccc(OC)cc1)c1ccc(Cl)cc1Cl,7.97,8.02
CHEMBL201309,CN(C)CCC/C(=C(\c1ccc(O)cc1)c1ccc(OCCN(C)C)cc1)c1ccccc1,5.63,2.01
CHEMBL1213784,CC/C(=C(\c1ccccc1)c1ccc(OCC[N+](C)(C)CC)cc1)c1ccccc1.[Br-],6.53,2.55
CHEMBL308006,Cc1ccc(/C(=C(\C#N)c2ccc(O)cc2)c2ccc(O)cc2)cc1,4.89,5.30
CHEMBL354531,COc1ccc(/C(=C(\c2ccccc2)C(F)(F)F)c2ccccc2)cc1,6.22,6.25
CHEMBL154590,CCN(CC)CCOc1ccc(C(C#N)=C(c2ccc(O)cc2)c2ccc(O)cc2)cc1,5.30,3.66
CHEMBL188624,CCCC/C(=C(\c1ccccc1)c1ccc(S(C)(=O)=O)cc1)c1ccccc1,6.24,6.22
CHEMBL189830,CN(C)CCOc1ccc(/C(=C/c2ccccc2)c2ccccc2)cc1,5.22,4.23
CHEMBL82159,CCN(CC)CCOc1ccc(/C(=C(\c2ccccc2)[N+](=O)[O-])c2ccc(O)cc2)cc1,5.31,3.57
CHEMBL370265,CC/C(=C(\c1ccccc1)c1ccc(S(C)(=O)=O)cc1)c1ccc(OC(C)=O)cc1,5.38,4.94
CHEMBL3822462,CC/C(=C(\c1ccc(O)cc1)c1ccc(NC(=O)C(C)C)cc1)c1ccccc1,6.36,6.66
CHEMBL2397610,CC/C(=C(\c1ccc(O)cc1)c1ccc(NC(=O)N(CC)CC)cc1)c1ccc(O)cc1,6.34,5.94
CHEMBL38103,CC(=C(c1ccc(O)cc1)c1ccc(O)cc1)c1ccc(O)cc1,4.78,5.09
CHEMBL1213848,CCC[N+](C)(C)CCOc1ccc(/C(=C(/CC)c2ccccc2)c2ccccc2)cc1.[Br-],6.92,3.07
CHEMBL3991207,CN(C)CCOc1ccc(/C(=C(/CCCO)c2cccc(F)c2)c2ccc(Br)cc2)cc1,6.26,4.89
CHEMBL1740748,CC/C(=C(/c1ccccc1)c1ccc(OCC[N+](C)(C)C)cc1)c1ccccc1,6.14,2.19
CHEMBL422726,Cc1ccc(C(=C(c2ccccc2)c2ccccc2)C(F)(F)F)cc1,6.52,6.92
CHEMBL1242824,COc1ccc(/C=C(/c2ccc(OC)cc2)c2cc(OC)c(OC)c(OC)c2Br)cc1,6.08,5.73
CHEMBL2137046,CCC(=C(c1ccc(O)cc1)c1ccc(OCCN(C)C)cc1)c1ccccc1,5.70,4.67
CHEMBL34014,CC/C(=C(\c1ccc(NC(C)=O)cc1)c1ccc(ON(C)C)cc1)c1ccccc1,5.87,5.22
CHEMBL19195,CC/C(=C(/c1ccc(O)cc1)c1ccc(OCN(C)C)cc1)c1ccccc1,5.66,6.12
CHEMBL1091638,CC/C(=C(/c1ccccc1)c1ccc(O)cc1)c1ccc(O)cc1,5.47,5.85
CHEMBL1908109,CC(O)/C(=C(\c1ccccc1)c1ccc(OCCN(C)C)cc1)c1ccccc1,4.97,3.66
CHEMBL2397608,CC/C(=C(\c1ccc(O)cc1)c1ccc(NC(=O)N(C)C)cc1)c1ccc(O)cc1,5.56,5.23
CHEMBL2283151,CS(=O)(=O)c1ccc(C=C(c2ccccc2)c2ccccc2)cc1,4.68,4.59
CHEMBL355343,COc1ccc(C(=C(c2ccccc2)C(F)(F)F)c2ccc(OC)cc2)cc1,6.23,6.09
CHEMBL52764,CC/C(=C(/c1ccccc1)c1ccc(OC(C)=O)cc1)c1cccc(OC(C)=O)c1,5.91,5.70
CHEMBL6730,CC/C(=C(\c1ccc(I)cc1)c1ccc(OCCN(C)C)cc1)c1ccccc1,6.60,5.90
CHEMBL3330026,CS(=O)(=O)OCCOc1ccc(/C(=C(/CCCl)c2ccccc2)c2ccccc2)cc1,5.63,5.50
CHEMBL29685,CC/C(=C(/c1ccc(OC(C)=O)cc1)c1ccc(OC(C)=O)c(OC(C)=O)c1)c1ccccc1,5.83,5.31
CHEMBL175028,CCCCCCCCCCCCCCCC(=C(c1ccccc1)c1ccccc1)c1ccc(S(=O)(=O)OC)cc1,10.46,11.83
CHEMBL293174,Cc1ccc(/C(=C(/C#N)c2ccc(O)cc2)c2ccc(O)cc2)cc1,4.89,5.30
CHEMBL3823097,CC/C(=C(/c1ccc(NC(=O)C(C)C)cc1)c1ccc(OC)cc1)c1ccccc1,6.66,6.81
CHEMBL2397605,CC/C(=C(/c1ccc(O)cc1)c1ccc(NC(=O)C(C)C)cc1)c1ccc(O)cc1,6.06,6.34
CHEMBL2036559,COc1ccc(/C(=C(/C#N)c2ccc(O)cc2)c2ccc(O)cc2)cc1,4.59,4.51
CHEMBL1091137,CC/C(=C(/c1ccc(O)cc1)c1ccc(/C=C/C(=O)O)cc1)c1ccccc1,5.86,3.07
CHEMBL1241564,COCOc1cc(/C=C(/c2ccc(OC)c(OCOC)c2)c2cc(OC)c(OC)c(OC)c2Br)ccc1OC,6.05,5.54
CHEMBL421537,CC/C(=C(\c1ccc(OCCN(C)C)cc1)c1ccc(SC)cc1)c1ccccc1,6.72,5.60
CHEMBL84723,CC/C(=C(\c1ccc(OCCN(C)C)cc1)c1ccc([S+](C)[O-])cc1)c1ccccc1,5.73,3.71
CHEMBL276862,CC/C(=C(/c1ccc(OC(C)=O)cc1)c1cccc(OC(C)=O)c1)c1cccc(OC(C)=O)c1,5.83,5.31
CHEMBL279301,CC/C(=C(/c1ccc(O)cc1)c1ccc(OCCN(C)C)cc1)c1ccccc1,5.70,4.67
CHEMBL596458,COc1ccc(/C(=C(/C)c2cc(OC)c(OC)c(OC)c2)c2ccccc2)cc1O,5.41,5.11
CHEMBL274882,CC/C(=C(\c1ccccc1)c1cccc(OC(C)=O)c1)c1cccc(OC(C)=O)c1,5.91,5.70
CHEMBL3823512,CC/C(=C(\c1ccccc1)c1ccc(NC(=O)C(C)C)cc1)c1ccc(Cl)cc1Cl,7.96,8.18
CHEMBL357283,Oc1ccc(C(=C(CC(F)(F)F)c2ccccc2)c2ccc(O)cc2)cc1,6.01,6.04
CHEMBL369935,CSCCC/C(=C(\c1ccc(O)cc1)c1ccc(OCCN(C)C)cc1)c1ccccc1,6.43,5.31
CHEMBL2112063,CCC(=C(c1ccc(OC(C)=O)cc1)c1ccc(OC(C)=O)c(OC(C)=O)c1)c1ccccc1,5.83,5.31
CHEMBL3823586,CC/C(=C(/c1ccccc1)c1ccc(NC(=O)C(C)C)cc1)c1ccc(Cl)cc1Cl,7.96,8.18
CHEMBL3916057,CC(=C(c1ccc(N)cc1)c1ccc(N)cc1)c1ccc(N)cc1,4.41,3.56
CHEMBL371972,CN(C)CCOc1ccc(/C(=C(/CCCC(=O)O)c2ccccc2)c2ccc(O)cc2)cc1,5.55,2.87
CHEMBL2283158,CC/C(=C(\c1ccccc1)c1cc(C(C)(C)C)c(O)c(C(C)(C)C)c1)c1ccc(S(C)(=O)=O)cc1,7.76,8.12
CHEMBL3916962,CN(C)CCOc1ccc(/C(=C(/CCCO)c2ccccc2)c2ccc(F)cc2F)cc1.Cl,5.64,4.27
CHEMBL67727,CN(C)Cc1cc(/C(=C(\C#N)c2ccccc2)c2ccc(O)cc2)ccc1O,4.64,3.33
CHEMBL2006052,COc1ccc(/C(Cl)=C(/c2ccc(O)cc2)c2ccc(OCCN(C)C)cc2)cc1,5.50,3.92
CHEMBL83,CC/C(=C(\c1ccccc1)c1ccc(OCCN(C)C)cc1)c1ccccc1,6.00,4.97
CHEMBL2283154,CC/C(=C(\c1ccccc1)c1ccc(OC(C)=O)cc1)c1ccc(S(C)(=O)=O)cc1,5.38,4.94
CHEMBL65499,COc1ccc(/C(=C(/C#N)c2ccccc2)c2ccc(O)cc2)cc1,4.88,4.88
CHEMBL1241565,COc1ccc(/C=C(\c2ccc(OC)cc2)c2cc(OC)c(OC)c(OC)c2)cc1,5.32,4.96
CHEMBL3944017,CCC(=C(c1ccc(N)cc1)c1ccc(N)cc1)c1ccc(N)cc1,4.80,4.00
CHEMBL2000318,COc1ccc(C(=C(Cl)c2ccccc2)c2ccc(OC)cc2)cc1,5.86,5.59
CHEMBL306487,COc1ccc(C(=C(CCCCCCCCCCCNCCN)c2ccccc2)c2ccc(OC)cc2)cc1,8.11,5.39
CHEMBL2386285,CC/C(=C(/c1ccc(O)cc1)c1ccc(OCCN)cc1)c1ccccc1,5.10,3.47
CHEMBL38797,CC/C(=C(\c1ccccc1)c1ccc(/C=C/C(=O)N(CC)CCN(C)C)cc1)c1ccccc1,6.48,5.57
CHEMBL204376,CN(C)CCOc1ccc(/C(=C(/CCO)c2ccccc2)c2ccc(O)cc2)cc1,4.67,3.23
CHEMBL36856,CC/C(=C(/c1ccc(O)cc1)c1cccc(F)c1)c1ccccc1,5.90,6.32
CHEMBL38776,CCNC(=O)/C=C/c1ccc(/C(=C(/CC)c2ccccc2)c2ccccc2)cc1,6.21,6.43
CHEMBL2074962,CC/C(=C(\c1ccc(O)cc1)c1ccc(OCCN(C)C)cc1)c1ccc(OC)cc1,5.71,4.51
CHEMBL149791,CCC(=C(c1ccc(O)cc1)c1ccc(O)cc1)c1ccccc1,5.47,5.85
CHEMBL170285,FC(F)(F)C(=C(c1ccccc1)c1ccccc1)c1cccc(C(F)(F)F)c1,7.23,7.29
CHEMBL2283175,CCCCCC/C(=C(\c1ccccc1)c1ccc(NS(C)(=O)=O)cc1)c1ccccc1,6.99,6.64
CHEMBL174756,COS(=O)(=O)c1ccc(C(C)=C(c2ccccc2)c2ccccc2)cc1,5.00,5.60
CHEMBL3350384,CCC(=C(c1ccc(O)cc1)c1ccc(OCCN)cc1)c1ccccc1,5.10,3.41
CHEMBL2283167,C/C(=C(\c1ccccc1)c1ccc(S(C)(=O)=O)cc1)c1cc(C(C)(C)C)c(O)c(C(C)(C)C)c1,7.37,7.67
CHEMBL1915851,COc1cc(OC)cc(C(=Cc2ccccc2)c2ccc(OC)c(O)c2)c1,5.01,4.97
CHEMBL2283173,CS(=O)(=O)c1ccc(/C=C(\c2ccccc2)c2ccc(F)c(F)c2)cc1,4.96,4.87
CHEMBL4064246,CC(=O)Oc1ccc(/C(=C(\CCCO)c2ccccc2)c2ccc(OCCN(C)C)cc2)cc1,5.28,3.59
CHEMBL10892,CC/C(=C(\c1ccccc1)c1cccc(OC(C)=O)c1)c1ccccc1,5.98,6.10
CHEMBL178355,CS(=O)(=O)c1ccc(/C(=C/c2ccccc2)c2ccccc2)cc1,4.68,4.59
CHEMBL36136,CC(=O)Oc1ccc(C(=C(c2ccccc2)C(C)C)c2ccc(OC(C)=O)cc2)cc1,6.15,5.99
CHEMBL3330029,[N-]=[N+]=NCCOc1ccc(/C(=C(/CCN=[N+]=[N-])c2ccccc2)c2ccccc2)cc1,7.04,5.62
CHEMBL3823292,CC/C(=C(\c1ccccc1)c1ccc(NC(=O)C(C)C)cc1)c1ccccc1,6.65,6.97
CHEMBL286605,CC(=O)Oc1ccc(C(=C(C)c2ccccc2)c2ccc(OC(C)=O)cc2)cc1,5.52,5.26
CHEMBL65179,CC(C)Oc1ccc(C(=C(C#N)c2ccccc2)c2ccc(OC(C)C)cc2)cc1,6.74,6.69
CHEMBL303987,N#C/C(=C(/c1ccccc1)c1ccc(O)cc1)c1ccccc1,4.87,5.12
CHEMBL368776,FC(F)(F)C(=C(c1ccccc1)c1ccccc1)c1ccccc1,6.21,6.41
CHEMBL2283148,CC/C(=C(\c1ccccc1)c1ccc(N=[N+]=[N-])cc1)c1ccccc1,7.00,6.80
CHEMBL240343,CC/C(=C(/c1ccc(OCCN)cc1)c1cccc(I)c1)c1ccccc1,6.00,4.61
CHEMBL3127248,CCC(=C(c1ccc(OCCCN(C)C)cc1)c1ccc(OCCCN(C)C)cc1)c1ccccc1.O=C(O)CC(O)(CC(=O)O)C(=O)O,6.72,2.63
CHEMBL3612367,[C-]#[N+]c1ccccc1C=C(c1ccccc1)c1ccccc1,5.83,3.47
CHEMBL364663,CC/C(=C(\c1ccccc1)c1ccc(S(C)(=O)=O)cc1)c1ccccc1,5.46,5.33
CHEMBL6617,CC/C(=C(\c1ccc(I)cc1)c1ccc(OCCCCCCN(C)C)cc1)c1ccccc1,8.16,6.39
CHEMBL3746441,CCOC(=O)C(=C(c1ccc(O)c(OC)c1)c1ccc(O)c(OC)c1)c1ccc(O)c(OC)c1,4.35,4.56
CHEMBL85148,CC/C(=C(\c1ccc(S)cc1)c1ccc(OCCN(C)C)cc1)c1ccccc1,6.28,5.68
CHEMBL2283178,C/C(=C(\c1ccccc1)c1ccc(NS(C)(=O)=O)cc1)c1ccccc1,5.04,4.42
CHEMBL3098276,CCCCCCCCCCCCN(C)CCOc1ccc(/C(=C(/CC)c2ccccc2)c2ccc(O)cc2)cc1,9.99,9.08
CHEMBL36679,CC/C(=C(\c1ccccc1)c1ccc(/C=C/C(N)=O)cc1)c1ccccc1,5.55,5.85
CHEMBL11223,CCC(=C(c1ccc(OC(C)=O)cc1)c1ccc(OC(C)=O)cc1)c1ccccc1,5.91,5.70
CHEMBL4244181,CC/C(=C(\c1ccc(O)cc1)c1ccc(OCCN(C)C)cc1)c1ccc(C(=O)NO)cc1,4.82,3.51
CHEMBL428102,CC/C(=C(\c1ccc(C=O)cc1)c1ccc(OCCN(C)C)cc1)c1ccccc1,5.81,4.68
CHEMBL81879,CC/C(=C(\c1ccc(I)cc1)c1ccc(OCCN(CC)CC)cc1)c1ccccc1,7.38,6.09
CHEMBL46128,CC/C(=C(\c1ccccc1)c1ccc(OCCO)cc1)c1ccccc1,5.43,5.64
CHEMBL274777,CC/C(=C(/c1ccccc1)c1ccc(OC(C)=O)cc1)c1ccc(OC(C)=O)cc1,5.91,5.70
CHEMBL3897416,CN(C)CCCOc1ccc(/C(=C(/CCCO)c2ccccc2)c2ccc(O)cc2)cc1.Cl,5.45,3.27
CHEMBL37868,CC/C(=C(/c1ccc(OCCN(C)C)cc1)c1cccc(N)c1)c1ccccc1,5.58,4.14
CHEMBL68236,CCN(CC)CCOc1ccc(C(=C(C#N)c2ccccc2)c2ccc(OCCN(CC)CC)cc2)cc1,6.61,2.81
CHEMBL187654,CCCC/C(=C(\c1ccccc1)c1ccc(S(C)(=O)=O)cc1)c1ccc(OC(C)=O)cc1,6.16,5.83
CHEMBL2336867,Oc1ccc(C(=C(F)c2cccc(C(F)(F)F)c2)c2ccccc2)cc1,6.30,6.01
CHEMBL1213785,CC/C(=C(\c1ccccc1)c1ccc(OCC[N+](C)(C)C(C)C)cc1)c1ccccc1.[Br-],6.92,2.96
CHEMBL383533,CN(C)CCOc1ccc(/C(=C(/CCCCO)c2ccccc2)c2ccc(O)cc2)cc1,5.45,4.12
CHEMBL203472,CN(C)CCOc1ccc(/C(=C(/CCN=[N+]=[N-])c2ccccc2)c2ccc(O)cc2)cc1,5.99,3.94
CHEMBL64910,COc1ccc(/C(=C(\C#N)c2ccccc2)c2ccc(O)cc2)cc1,4.88,4.88
CHEMBL3952767,CCC(=C(c1ccc(O)cc1)c1ccc(OCC(N)=O)cc1)c1ccc([N+](=O)[O-])cc1,4.53,4.63
CHEMBL291809,CCN(CC)CCOc1ccc(/C(=C(/Cl)c2ccc(O)cc2)c2ccccc2)cc1,6.27,4.32
CHEMBL3977491,CC(=C(c1ccc(O)cc1)c1ccc(O)cc1)c1ccc(N)cc1,4.66,4.58
CHEMBL85303,CC/C(=C(\c1ccc(CO)cc1)c1ccc(OCCN(C)C)cc1)c1ccccc1,5.49,4.20
CHEMBL4085105,COC(=O)C(C)CC(=C(c1ccc(O)cc1)c1ccc(O)cc1)c1ccccc1,5.26,5.69
CHEMBL2283166,CCCC/C(=C(\c1ccccc1)c1cc(C(C)(C)C)c(O)c(C(C)(C)C)c1)c1ccc(S(C)(=O)=O)cc1,8.54,9.01
CHEMBL1972169,NCCOc1ccc(/C(=C(/Cl)c2ccccc2)c2ccccc2)cc1,5.18,3.09
CHEMBL1242734,COc1ccc(/C(=C\c2cc(OC)c(OC)c(OC)c2)c2cc(OC)c(OC)c(OC)c2)c(Br)c1,6.10,5.41
CHEMBL2283153,CCCCCCC/C(=C(\c1ccccc1)c1ccc(OC(C)=O)cc1)c1ccc(S(C)(=O)=O)cc1,7.34,7.16
CHEMBL170258,Fc1ccc(/C(=C(/c2ccccc2)C(F)(F)F)c2ccccc2)cc1,6.35,6.55
CHEMBL3785129,CCOC(=O)C(=O)NCC/C(=C(\c1ccccc1)c1ccc(OC)cc1)c1ccccc1,4.72,5.30
CHEMBL4064664,CC(=O)Oc1ccc(/C(=C(\CC(C)CO)c2ccccc2)c2ccc(OCCN(C)C)cc2)cc1,5.53,3.95
CHEMBL11225,CC/C(=C(/c1ccccc1)c1ccc(OC(C)=O)cc1)c1ccccc1,5.98,6.10
CHEMBL170020,Fc1ccccc1C(=C(c1ccccc1)c1ccccc1)C(F)(F)F,6.35,6.55
CHEMBL3956562,CN(C)CCOc1ccc(/C(=C(/CCC(F)F)c2ccccc2)c2ccc(O)cc2)cc1.Cl,6.34,4.60
CHEMBL3962561,CN(C)CCOc1ccc(/C(=C(/CCCO)c2ccccc2)c2ccc(C#N)cc2)cc1.Cl,5.23,3.84
CHEMBL3099617,CCC(=C(c1ccc(OCCN(CC)CC)cc1)c1ccc(OCCN(CC)CC)cc1)c1ccccc1,7.50,3.83
CHEMBL302528,CCN(CC)CCOc1ccc(C(C#N)=C(c2ccccc2)c2ccccc2)cc1,5.89,4.15
CHEMBL4238322,CC/C(=C(\c1ccc(O)cc1)c1ccc(OCCN(C)C)cc1)c1ccc(OCCCCC(=O)NO)cc1,5.76,4.14
CHEMBL3422032,CC/C(=C(/c1ccc(N)cc1)c1ccc(OCCN)cc1)c1ccccc1,4.98,2.85
CHEMBL3948254,CCC(=C(c1ccc(O)cc1)c1ccc(O)cc1)c1ccc(N)cc1,5.05,5.02
CHEMBL4240593,CC/C(=C(\c1ccc(O)cc1)c1ccc(OCCN(C)C)cc1)c1ccc(CCC(=O)NO)cc1,5.14,3.94
CHEMBL3969681,CN(C)CCOc1ccc(/C(=C(/CCCO)c2ccccc2)c2ccc(F)cc2)cc1.Cl,5.50,4.12
CHEMBL2074960,CC/C(=C(\c1ccc(O)cc1)c1ccc(OCCNC)cc1)c1ccc(C(C)CO)cc1,5.46,3.50
CHEMBL2386287,CC/C(=C(/c1ccc(O)cc1)c1ccc(OC(=O)C(C)(C)C)cc1)c1ccccc1,6.71,7.58
CHEMBL83562,CCN(CC)CCOc1ccc(/C(=C\c2ccccc2)c2ccc(O)cc2)cc1,5.70,4.14
CHEMBL955,CCN(CC)CCOc1ccc(/C(=C(/Cl)c2ccccc2)c2ccc(O)c(OC)c2)cc1,6.28,4.12
CHEMBL596249,CC/C(=C(/c1ccccc1)c1ccc(OC)c(O)c1)c1cc(OC)c(OC)c(OC)c1,5.80,5.55
CHEMBL593705,COc1ccc(/C(C)=C(/c2ccccc2)c2cc(OC)c(OC)c(OC)c2)cc1O,5.41,5.11
CHEMBL3925136,CN(C)CCOc1ccc(C(=C(C#N)c2ccccc2)c2ccccc2)cc1.Cl,5.11,3.95
CHEMBL3942918,CC/C(=C(/c1ccc(O)cc1)c1ccc(OCC(N)=O)cc1)c1ccccc1,4.63,4.69
CHEMBL2105395,OCCOc1ccc(/C(=C(/CCCl)c2ccccc2)c2ccccc2)cc1,5.65,5.56
CHEMBL281101,CC/C(=C(/c1ccccc1)c1ccc(OC(C)=O)c(OC(C)=O)c1)c1ccc(OC(C)=O)cc1,5.83,5.31
CHEMBL3823485,CC/C(=C(\c1ccc(NC(=O)C(C)C)cc1)c1ccc(OC)cc1)c1ccccc1,6.66,6.81
CHEMBL604382,COc1ccc(/C(C)=C(\c2ccccc2)c2cc(OC)c(OC)c(OC)c2)cc1O,5.41,5.11
CHEMBL195515,CC/C(=C(\c1ccc(O)cc1)c1ccc(/C=C/C(=O)O)cc1)c1ccccc1,5.86,3.07
CHEMBL1598215,COc1ccc(C=C(c2ccc(OC)cc2)c2ccc(OC)cc2)cc1,5.30,5.27
CHEMBL2283150,CC(=C(c1ccccc1)c1ccccc1)c1ccc(S(C)(=O)=O)cc1,5.07,4.89
CHEMBL3185958,CCN(CC)CCOc1ccc(C(=C(Cl)c2ccccc2)c2ccccc2)cc1.O=C(O)CC(O)(CC(=O)O)C(=O)O,6.56,4.57
CHEMBL2107341,OCCOCCOc1ccc(/C(=C(/CCCl)c2ccccc2)c2ccccc2)cc1,5.66,5.51
CHEMBL3115201,C(=C(c1ccccc1)c1ccccc1)c1ccccc1,5.28,5.75
CHEMBL175686,CCCCCCC(=C(c1ccccc1)c1ccccc1)c1ccc(S(=O)(=O)OC)cc1,6.95,7.83
CHEMBL104416,CC/C(=C(/c1ccc(OCC(=O)O)cc1)c1cccc(O)c1)c1ccccc1,5.22,2.08
CHEMBL85675,CCN(CC)CCOc1ccc(/C(=C(/Br)c2ccccc2)c2ccc(O)cc2)cc1,6.42,4.47
CHEMBL177719,CCCCCC(=C(c1ccccc1)c1ccccc1)c1ccc(S(=O)(=O)OC)cc1,6.56,7.38
CHEMBL3940124,CN(C)CCOc1ccc(/C(=C(/CCCO)c2ccccc2)c2ccc(Cl)cc2)cc1.Cl,6.01,4.58
CHEMBL6327,CC/C(=C(\c1ccc(I)cc1)c1ccc(OCCCCCN(C)C)cc1)c1ccccc1,7.77,5.94
CHEMBL11367,CC/C(=C(\c1ccc(OC(C)=O)cc1)c1cccc(OC(C)=O)c1)c1cccc(OC(C)=O)c1,5.83,5.31
CHEMBL179723,CS(=O)(=O)c1ccc(C=C(c2ccc(F)cc2)c2ccc(F)cc2)cc1,4.96,4.87
CHEMBL10147,CC/C(=C(/c1ccccc1)c1ccc(OCCN(C)C)cc1)c1ccc(O)cc1,5.70,4.67
CHEMBL11069,CCC(=C(c1ccccc1)c1ccccc1)c1cccc(OC(C)=O)c1,5.98,6.10
CHEMBL179204,Cc1ccc(C(=Cc2ccc(S(C)(=O)=O)cc2)c2ccc(C)cc2)cc1,5.30,5.61
CHEMBL289582,CC/C(=C(/c1ccc(OCCN(C)C)cc1)c1ccc(O)cc1C)c1ccccc1,6.01,5.18
CHEMBL316965,OCC/C(=C(\c1ccccc1)c1ccc(O)cc1)c1ccccc1,4.73,4.73
CHEMBL3932162,CN(C)CCOc1ccc(/C(=C(/CCCO)c2ccccc2)c2ccc(O)cc2)cc1.Cl,5.06,3.68
CHEMBL3330028,[N-]=[N+]=NCC/C(=C(\c1ccccc1)c1ccc(OCCO)cc1)c1ccccc1,5.72,4.91
CHEMBL85163,CC/C(=C(/c1ccc(OCCN(C)C)cc1)c1ccc(S(C)(=O)=O)cc1)c1ccccc1,5.40,3.81
CHEMBL1728774,CC/C(=C(/c1ccccc1)c1ccc(OCC[N+](C)(C)C)cc1)c1ccccc1.[I-],6.14,2.19
CHEMBL3982516,Cc1ccc(/C(=C(\CCCO)c2cccc(F)c2)c2ccc(OCCN(C)C)cc2)cc1.Cl,5.81,4.64
CHEMBL1221678,CCCC/C(=C(\c1ccccc1)c1ccc(O)cc1)c1ccc(S(C)(=O)=O)cc1,5.95,5.91
CHEMBL51887,CC/C(=C(/c1ccccc1)c1ccc(O)cc1)c1ccccc1,5.76,6.18
CHEMBL352702,Fc1cccc(C(=C(c2ccccc2)c2ccccc2)C(F)(F)F)c1,6.35,6.55
CHEMBL2139100,CCC(=C(c1ccccc1)c1ccc(OCCN(C)C)cc1)c1ccccc1,6.00,4.97
CHEMBL1241657,COc1ccc(/C=C(/c2ccc(OC)cc2)c2cc(OC)c(OC)c(OC)c2)cc1,5.32,4.96
CHEMBL104367,CC/C(=C(/c1ccc(O)cc1)c1cccc(OCC(=O)O)c1)c1ccccc1,5.22,2.12
CHEMBL3422038,CC(C)/C(=C(/c1ccc(O)cc1)c1ccc(OCCN)cc1)c1ccccc1,5.34,3.75
CHEMBL150461,CC(=C(c1ccc(O)cc1)c1ccc(O)cc1)c1ccccc1,5.08,5.41
CHEMBL3422047,CC/C(=C(/c1ccc(O)cc1)c1ccc(OCC(=O)O)cc1)c1ccccc1,5.22,2.08
CHEMBL201013,CN(C)CCOc1ccc(/C(=C(/CCCO)c2ccccc2)c2ccc(O)cc2)cc1,5.06,3.68
CHEMBL4094235,CCOC(=O)C(=C(c1ccc(OC)c(O)c1)c1ccc(OC)c(O)c1)c1ccc(OC)c(O)c1,4.35,4.58
CHEMBL2336873,CN(C)CCOc1ccc(/C(=C(/F)c2ccccc2)c2ccccc2)cc1,5.51,3.93
CHEMBL3098277,CCCCCCCCCCCCN(CCCCCCCCCCCC)CCOc1ccc(/C(=C(/CC)c2ccccc2)c2ccc(O)cc2)cc1,14.28,13.50
CHEMBL1655,CN(C)CCOc1ccc(/C(=C(/CCCl)c2ccccc2)c2ccccc2)cc1,6.22,4.89
CHEMBL3823511,CC/C(=C(\c1ccccc1)c1ccc(NC(=O)C(C)C)cc1)c1ccc(O)cc1,6.36,6.66
CHEMBL1093458,CC/C(=C(\c1ccc(O)cc1)c1ccc(OCCNC)cc1)c1ccccc1,5.36,3.68
CHEMBL1200675,CN(C)CCOc1ccc(/C(=C(/CCCl)c2ccccc2)c2ccccc2)cc1.O=C(O)CC(O)(CC(=O)O)C(=O)O,6.22,4.89
CHEMBL2355051,CCN(CC)CCOc1ccc(C(=C(Cl)c2ccccc2)c2ccccc2)cc1,6.56,4.57
CHEMBL276655,CCC(=C(c1cccc(OC(C)=O)c1)c1cccc(OC(C)=O)c1)c1ccccc1,5.91,5.70
CHEMBL3824113,CC/C(=C(\c1ccccc1)c1ccc(N)cc1)c1ccccc1,5.64,5.66
CHEMBL29776,CC/C(=C(\c1ccccc1)c1ccc(OC(C)=O)c(OC(C)=O)c1)c1ccccc1,5.91,5.70
CHEMBL1200667,CCN(CC)CCOc1ccc(/C(=C(/Cl)c2ccccc2)c2ccccc2)cc1.O=C(O)CC(O)(CC(=O)O)C(=O)O,6.56,4.57
CHEMBL303801,N#C/C(=C(\c1ccccc1)c1ccc(O)cc1)c1ccccc1,4.87,5.04
CHEMBL3099619,CCC(=C(c1ccc(OCCCN(C)C)cc1)c1ccc(OCCCN(C)C)cc1)c1ccccc1,6.72,2.63
CHEMBL4091901,CC(CO)C/C(=C(\c1ccc(O)cc1)c1ccc(OCCN(C)C)cc1)c1ccccc1,5.31,4.04
CHEMBL426955,CS(=O)(=O)c1ccc(/C(=C/c2ccc(F)c(F)c2)c2ccccc2)cc1,4.96,4.87
CHEMBL489,CC/C(=C(\c1ccc(O)cc1)c1ccc(OCCN(C)C)cc1)c1ccccc1,5.70,4.67
CHEMBL2336866,Oc1ccc(C(=C(F)c2ccccc2)c2ccccc2)cc1,5.28,5.13
